title,price,client_price
Colchón Inflable Impermeable Dura Beam Deluxe Twin Gris con Bomba / USB Doble Voltaje,79.05,71.15
Topper para Colchón de Poliéster / Espuma Memory,452.8,407.52
"Protector para colchón Tencel Mattress 300 Hilos, 100% poliéster Down",143.74,129.37
Colchoneta Inflable para Camping Intex,36.95,33.26
Colchón inflable Twin con bomba / doble voltaje / impermeable Dura Beam Standard Intex,79.05,71.15
Colchón inflable Queen con bomba de pie / impermeable Dura Beam Standard Intex,61.6,55.44
Colchón Harmony Extra Firm Simmons,776.99,699.29
Colchón Harmony Soft Simmons,776.99,699.29
Colchón Harmony Medium Firm Simmons,776.99,699.29
Colchón Harmony Soft Pillow Top Simmons,984.99,886.49
Colchón Harmony Medium Firm Pillow Top Simmons,984.99,886.49
Protector Impermeable para Colchón Blanco de Polipropileno,33.87,30.48
Protector para Colchón Ultrasonido Blanco,19.5,17.55
Protector acolchado de colchón Simmons,33.87,30.48
Protector para colchón Impermeable / Antibacterial / Antiviral Simmons,61.6,55.44
Colchón Natasha Soft Hibrid Beautyrest Black Simmons,1877.98,1690.18
Colchón Natasha Luxury Firm Beautyrest Black Simmons,1877.98,1690.18
Colchón Natasha Pillow Top Beautyrest Black Simmons,2217.85,1996.07
Colchón Gris Comfort Top Ultra Comfort,319.32,287.39
Colchón inflable Dura-Beam Standard Intex,100.61,90.55
Simmons Base para Colchón para Modelo Natasha Beautyrest Black,251.55,226.4
Colchoneta inclinada Queen Matress Topper Louisville,102.67,92.4
Protector de colchón Haus,53.38,48.04
Protector para colchón Noperti,30.79,27.71
Protector para colchón impermeable Vlinder,26.69,24.02
Protector para colchón Basic,37.98,34.18
Protector para colchón de cuna,47.41,42.67
Protector para colchón Luxury,91.37,82.23
Protector con relleno para colchón Beyond Down Carpenter,205.35,184.82
Protector para colchón Allergy Care Louisville,49.28,44.35
Protector para colchón con relleno hipoalergénico 300 hilos 100% algodón Iso-Cool Carpenter,82.13,73.92
Colchón Comfort Deluxe Non Flip Ultra Comfort,387.09,348.38
Colchón Comfort Deluxe Ultra Comfort,217.67,195.9
Protector para colchón Premium,86.24,77.62
Protector para colchón Allerzip,111.91,100.72
Base para colchón King BeautySleep Endu Simmons,346.02,311.42
Base para colchón BeautySleep Endu Simmons,177.62,159.86
Protector para colchón Naturals,75.97,68.37
Colchón Hope Luxury Firm Beautyrest Silver Simmons,1209.54,1088.59
Base para colchón para Modelos Evie / Hope / Gabriella / Nalani Simmons,221.78,169.66
Colchón Inflable Impermeable con Bomba y Estuche Dura-Beam Full,138.61,124.75
Protector impermeable colchón Soft Ultra Comfort,39.01,35.11
Base Chocolate Comfort Top Ultra Fresh,148.87,133.98
